target_url;destination_url;anchor_text_used
https://educationwalkthrough.com/11-ways-principals-can-inspire-teachers/;https://educationwalkthrough.com/t-tess-rubric;[No Text]
https://educationwalkthrough.com/11-ways-principals-can-inspire-teachers/;https://educationwalkthrough.com/t-tess-rubric;T-TESS Rubric: Master All 4 Domains For Success in 2025
https://educationwalkthrough.com/21-professional-development-questions-you-should-ask-your-teachers-before-the-school-year/;https://educationwalkthrough.com/t-tess-rubric;[No Text]
https://educationwalkthrough.com/21-professional-development-questions-you-should-ask-your-teachers-before-the-school-year/;https://educationwalkthrough.com/t-tess-rubric;T-TESS Rubric: Master All 4 Domains For Success in 2025
https://educationwalkthrough.com/3-most-popular-ways-to-give-teachers-immediate-feedback-after-a-walkthrough/;https://educationwalkthrough.com/t-tess-rubric;[No Text]
https://educationwalkthrough.com/3-most-popular-ways-to-give-teachers-immediate-feedback-after-a-walkthrough/;https://educationwalkthrough.com/t-tess-rubric;T-TESS Rubric: Master All 4 Domains For Success in 2025
https://educationwalkthrough.com/5-important-tips-for-holding-teachers-accountable-with-online-learning/;https://educationwalkthrough.com/t-tess-rubric;[No Text]
https://educationwalkthrough.com/5-important-tips-for-holding-teachers-accountable-with-online-learning/;https://educationwalkthrough.com/t-tess-rubric;T-TESS Rubric: Master All 4 Domains For Success in 2025
https://educationwalkthrough.com/7-evaluation-mistakes-youll-never-make-again/;https://educationwalkthrough.com/t-tess-rubric;[No Text]
https://educationwalkthrough.com/7-evaluation-mistakes-youll-never-make-again/;https://educationwalkthrough.com/t-tess-rubric;T-TESS Rubric: Master All 4 Domains For Success in 2025
https://educationwalkthrough.com/7-myths-of-classroom-walkthroughs/;https://educationwalkthrough.com/t-tess-rubric;[No Text]
https://educationwalkthrough.com/7-myths-of-classroom-walkthroughs/;https://educationwalkthrough.com/t-tess-rubric;T-TESS Rubric: Master All 4 Domains For Success in 2025
https://educationwalkthrough.com/a-complete-guide-to-classroom-observation-frameworks/;https://educationwalkthrough.com/t-tess-rubric;[No Text]
https://educationwalkthrough.com/a-complete-guide-to-classroom-observation-frameworks/;https://educationwalkthrough.com/t-tess-rubric;T-TESS Rubric: Master All 4 Domains For Success in 2025
https://educationwalkthrough.com/classroom-walk-throughs-can-be-an-effective-method-for-encouraging-improvement-in-instruction/;https://educationwalkthrough.com/t-tess-rubric;[No Text]
https://educationwalkthrough.com/classroom-walk-throughs-can-be-an-effective-method-for-encouraging-improvement-in-instruction/;https://educationwalkthrough.com/t-tess-rubric;T-TESS Rubric: Master All 4 Domains For Success in 2025
https://educationwalkthrough.com/classroom-walkthroughs-that-hit-the-target/;https://educationwalkthrough.com/t-tess-rubric;[No Text]
https://educationwalkthrough.com/classroom-walkthroughs-that-hit-the-target/;https://educationwalkthrough.com/t-tess-rubric;T-TESS Rubric: Master All 4 Domains For Success in 2025
https://educationwalkthrough.com/continuing-to-walk-the-walk-monitoring-instruction-in-the-midst-of-a-pandemic/;https://educationwalkthrough.com/t-tess-rubric;[No Text]
https://educationwalkthrough.com/continuing-to-walk-the-walk-monitoring-instruction-in-the-midst-of-a-pandemic/;https://educationwalkthrough.com/t-tess-rubric;T-TESS Rubric: Master All 4 Domains For Success in 2025
https://educationwalkthrough.com/education-walkthrough-enterprise-partners-with-the-heliox-group-to-bring-the-classroom-walkthrough-platform-to-chicago-based-k-12-organizations/;https://educationwalkthrough.com/t-tess-rubric;[No Text]
https://educationwalkthrough.com/education-walkthrough-enterprise-partners-with-the-heliox-group-to-bring-the-classroom-walkthrough-platform-to-chicago-based-k-12-organizations/;https://educationwalkthrough.com/t-tess-rubric;T-TESS Rubric: Master All 4 Domains For Success in 2025
https://educationwalkthrough.com/enhancing-distance-learning-with-av-technology/;https://educationwalkthrough.com/t-tess-rubric;[No Text]
https://educationwalkthrough.com/enhancing-distance-learning-with-av-technology/;https://educationwalkthrough.com/t-tess-rubric;T-TESS Rubric: Master All 4 Domains For Success in 2025
https://educationwalkthrough.com/getting-smart-with-teacher-observations-online/;https://educationwalkthrough.com/t-tess-rubric;[No Text]
https://educationwalkthrough.com/getting-smart-with-teacher-observations-online/;https://educationwalkthrough.com/t-tess-rubric;T-TESS Rubric: Master All 4 Domains For Success in 2025
https://educationwalkthrough.com/history-of-the-principal-job/;https://educationwalkthrough.com/t-tess-rubric;[No Text]
https://educationwalkthrough.com/history-of-the-principal-job/;https://educationwalkthrough.com/t-tess-rubric;T-TESS Rubric: Master All 4 Domains For Success in 2025
https://educationwalkthrough.com/how-to-safely-return-to-school-in-5-easy-steps/;https://educationwalkthrough.com/t-tess-rubric;[No Text]
https://educationwalkthrough.com/how-to-safely-return-to-school-in-5-easy-steps/;https://educationwalkthrough.com/t-tess-rubric;T-TESS Rubric: Master All 4 Domains For Success in 2025
https://educationwalkthrough.com/not-just-another-visit-an-administrators-cheat-sheet-for-types-of-evaluations/;https://educationwalkthrough.com/t-tess-rubric;[No Text]
https://educationwalkthrough.com/not-just-another-visit-an-administrators-cheat-sheet-for-types-of-evaluations/;https://educationwalkthrough.com/t-tess-rubric;T-TESS Rubric: Master All 4 Domains For Success in 2025
https://educationwalkthrough.com/productive-planning-for-back-to-school/;https://educationwalkthrough.com/t-tess-rubric;[No Text]
https://educationwalkthrough.com/productive-planning-for-back-to-school/;https://educationwalkthrough.com/t-tess-rubric;T-TESS Rubric: Master All 4 Domains For Success in 2025
https://educationwalkthrough.com/quick-guide-to-choosing-the-right-classroom-walkthrough-app/;https://educationwalkthrough.com/t-tess-rubric;[No Text]
https://educationwalkthrough.com/quick-guide-to-choosing-the-right-classroom-walkthrough-app/;https://educationwalkthrough.com/t-tess-rubric;T-TESS Rubric: Master All 4 Domains For Success in 2025
https://educationwalkthrough.com/talk-the-talk-classroom-walkthrough-key-terms/;https://educationwalkthrough.com/t-tess-rubric;[No Text]
https://educationwalkthrough.com/talk-the-talk-classroom-walkthrough-key-terms/;https://educationwalkthrough.com/t-tess-rubric;T-TESS Rubric: Master All 4 Domains For Success in 2025
https://educationwalkthrough.com/teacher-coaching-blog/;https://educationwalkthrough.com/t-tess-rubric;[No Text]
https://educationwalkthrough.com/teacher-coaching-blog/;https://educationwalkthrough.com/t-tess-rubric;T-TESS Rubric: Master All 4 Domains For Success in 2025
https://educationwalkthrough.com/the-anatomy-of-a-school-principal-that-teachers-love/;https://educationwalkthrough.com/t-tess-rubric;[No Text]
https://educationwalkthrough.com/the-anatomy-of-a-school-principal-that-teachers-love/;https://educationwalkthrough.com/t-tess-rubric;T-TESS Rubric: Master All 4 Domains For Success in 2025
https://educationwalkthrough.com/top-10-lessons-learned-in-transitioning-to-distance-learning/;https://educationwalkthrough.com/t-tess-rubric;[No Text]
https://educationwalkthrough.com/top-10-lessons-learned-in-transitioning-to-distance-learning/;https://educationwalkthrough.com/t-tess-rubric;T-TESS Rubric: Master All 4 Domains For Success in 2025
https://educationwalkthrough.com/top-50-look-fors-during-classroom-observations/;https://educationwalkthrough.com/t-tess-rubric;[No Text]
https://educationwalkthrough.com/top-50-look-fors-during-classroom-observations/;https://educationwalkthrough.com/t-tess-rubric;T-TESS Rubric: Master All 4 Domains For Success in 2025
https://educationwalkthrough.com/what-no-one-tells-you-about-supporting-your-teacher-with-online-learning/;https://educationwalkthrough.com/t-tess-rubric;[No Text]
https://educationwalkthrough.com/what-no-one-tells-you-about-supporting-your-teacher-with-online-learning/;https://educationwalkthrough.com/t-tess-rubric;T-TESS Rubric: Master All 4 Domains For Success in 2025
https://educationwalkthrough.com/what-to-do-after-the-classroom-walkthrough/;https://educationwalkthrough.com/t-tess-rubric;[No Text]
https://educationwalkthrough.com/what-to-do-after-the-classroom-walkthrough/;https://educationwalkthrough.com/t-tess-rubric;T-TESS Rubric: Master All 4 Domains For Success in 2025
